{"Perceptron Accuracy": 0.8666666666666667, "ANN Accuracy": 0.9333333333333333}